model,precision,recall,f1_score,pr_auc,roc_auc,optimal_threshold,tp,fp,fn,tn,train_seconds
Logistic Regression,0.83871,0.795918,0.816754,0.746001,0.972309,1.0,78,15,20,56849,2.235
Random Forest,0.931818,0.836735,0.88172,0.860371,0.952339,0.35,82,6,16,56858,19.776
XGBoost,0.97561,0.816327,0.888889,0.877741,0.972719,0.981495,80,2,18,56862,1.648
AE+MLP (ours),0.84375,0.826531,0.835052,0.752066,0.978306,0.98793,81,15,17,56849,
