{
  "tp": 1436,
  "fp": 568,
  "tn": 553006,
  "fn": 709,
  "precision": 0.716567,
  "recall": 0.669464,
  "f1_score": 0.692215,
  "roc_auc": 0.995626,
  "pr_auc": 0.718277,
  "optimal_threshold": 0.9859
}